{"cameraMode":{"drawMode":0,"name":"Shaded","section":"Shading Mode"},"sceneLighting":true,"audioPlay":false,"sceneViewState":{"m_AlwaysRefresh":false,"showFog":true,"showSkybox":true,"showFlares":true,"showImageEffects":true,"showParticleSystems":true,"showVisualEffectGraphs":true,"m_FxEnabled":false},"in2DMode":false,"pivot":{"x":2.9122509956359865,"y":0.7700004577636719,"z":19.00197982788086},"rotation":{"x":0.016356851905584337,"y":-0.978688657283783,"z":0.1856858879327774,"w":0.08624841272830963},"size":20.67707061767578,"orthographic":false}