{"cameraMode":{"drawMode":0,"name":"Shaded","section":"Shading Mode"},"sceneLighting":false,"audioPlay":false,"sceneViewState":{"m_AlwaysRefresh":false,"showFog":true,"showSkybox":false,"showFlares":true,"showImageEffects":true,"showParticleSystems":true,"showVisualEffectGraphs":true,"m_FxEnabled":false},"in2DMode":false,"pivot":{"x":3.2200000286102297,"y":1.0037944316864014,"z":-6.0982842445373539},"rotation":{"x":0.016239119693636895,"y":-0.9690740704536438,"z":0.2371492087841034,"w":0.06638800352811814},"size":0.17320498824119569,"orthographic":false}